1	149.21	122.40	main.tex	16
1	271.91	122.40	main.tex	16
1	366.68	122.40	main.tex	16
1	273.98	154.02	main.tex	16
1	249.25	168.46	main.tex	16
1	312.42	168.46	main.tex	16
1	297.64	182.96	main.tex	16
1	306.72	206.24	main.tex	16
1	297.79	247.01	main.tex	17
1	141.60	265.19	main.tex	18
1	171.59	265.19	main.tex	18
1	266.44	265.19	main.tex	18
1	337.11	265.19	main.tex	18
1	415.09	265.19	main.tex	18
1	480.45	265.19	main.tex	18
1	116.09	277.15	main.tex	19
1	186.04	277.15	main.tex	19
1	233.88	277.15	main.tex	19
1	288.44	277.15	main.tex	19
1	325.61	277.15	main.tex	19
1	374.85	277.15	main.tex	19
1	441.42	277.15	main.tex	19
1	477.43	277.15	main.tex	20
1	151.75	289.10	main.tex	20
1	227.44	289.10	main.tex	20
1	331.83	289.10	main.tex	20
1	392.24	289.10	main.tex	20
1	452.43	289.10	main.tex	21
1	485.16	289.10	main.tex	21
1	146.81	301.06	main.tex	21
1	204.98	301.06	main.tex	21
1	278.88	301.06	main.tex	21
1	320.80	301.06	main.tex	21
1	76.03	334.33	main.tex	24
1	84.42	359.55	main.tex	25
1	141.79	359.55	main.tex	25
1	194.81	359.55	main.tex	25
1	241.22	359.55	main.tex	25
1	306.24	359.55	main.tex	25
1	369.83	359.55	main.tex	25
1	443.81	359.55	main.tex	25
1	496.99	359.55	main.tex	26
1	77.45	373.09	main.tex	26
1	118.06	373.09	main.tex	26
1	207.91	373.09	main.tex	26
1	260.06	373.09	main.tex	26
1	305.82	373.09	main.tex	26
1	76.03	406.61	main.tex	28
1	92.42	431.82	main.tex	29
1	164.56	431.82	main.tex	29
1	235.63	431.82	main.tex	29
1	274.23	431.82	main.tex	29
1	291.97	431.82	main.tex	29
1	311.34	431.82	main.tex	29
1	336.52	431.82	main.tex	29
1	398.39	431.82	main.tex	29
1	453.27	431.82	main.tex	29
1	276.29	456.67	main.tex	34
1	307.20	454.67	main.tex	32
1	312.37	464.05	main.tex	32
1	324.96	464.05	main.tex	34
1	337.21	464.05	main.tex	34
1	349.46	466.42	main.tex	34
1	276.29	471.54	main.tex	34
1	246.55	463.51	main.tex	31
1	290.45	477.88	main.tex	34
1	145.69	498.37	main.tex	35
1	219.90	498.37	main.tex	35
1	269.67	498.37	main.tex	35
1	314.98	498.37	main.tex	35
1	375.98	498.37	main.tex	35
1	414.09	498.37	main.tex	35
1	460.76	498.37	main.tex	36
1	122.13	531.88	main.tex	38
1	140.21	557.09	main.tex	39
1	191.27	557.09	main.tex	39
1	238.11	557.09	main.tex	39
1	76.03	590.61	main.tex	55
1	86.62	615.82	main.tex	56
1	152.92	615.82	main.tex	56
1	219.46	615.82	main.tex	56
1	263.26	615.82	main.tex	56
1	109.76	649.33	main.tex	58
1	94.64	674.54	main.tex	59
1	134.88	674.54	main.tex	59
1	199.22	675.71	main.tex	59
1	318.19	674.54	main.tex	59
1	517.58	464.05	main.tex	34
2	223.76	399.00	main.tex	43
2	258.00	399.00	main.tex	43
2	338.86	399.00	main.tex	43
2	241.89	415.52	main.tex	47
2	343.01	415.52	main.tex	47
2	243.06	434.55	main.tex	49
2	296.65	434.55	main.tex	49
2	351.23	434.55	main.tex	49
2	297.64	797.05	main.tex	62
