1	161.38	205.95	main.tex	3
2	163.16	102.82	chapters/intro.tex	1
3	148.41	203.64	chapters/intro.tex	1
3	198.52	315.98	chapters/intro.tex	3
3	239.39	341.77	chapters/intro.tex	5
3	416.33	341.77	chapters/intro.tex	5
3	230.62	353.72	chapters/intro.tex	5
3	412.73	353.72	chapters/intro.tex	5
3	245.76	365.68	chapters/intro.tex	5
3	414.65	365.68	chapters/intro.tex	5
3	236.78	377.63	chapters/intro.tex	6
3	401.89	377.63	chapters/intro.tex	6
3	244.42	389.59	chapters/intro.tex	6
3	432.32	389.59	chapters/intro.tex	6
3	270.72	401.54	chapters/intro.tex	6
3	119.09	413.50	chapters/intro.tex	6
3	312.48	413.50	chapters/intro.tex	6
3	282.35	426.86	chapters/intro.tex	8
3	441.97	426.86	chapters/intro.tex	8
3	312.14	438.81	chapters/intro.tex	8
3	163.23	450.77	chapters/intro.tex	8
3	358.72	450.77	chapters/intro.tex	8
3	185.91	462.72	chapters/intro.tex	8
3	376.36	462.72	chapters/intro.tex	9
3	191.09	474.68	chapters/intro.tex	9
3	383.17	474.68	chapters/intro.tex	9
3	211.27	486.63	chapters/intro.tex	9
3	407.42	486.63	chapters/intro.tex	9
3	239.32	498.59	chapters/intro.tex	9
3	232.70	511.95	chapters/intro.tex	11
3	416.86	511.95	chapters/intro.tex	11
3	241.50	523.90	chapters/intro.tex	11
3	425.36	523.90	chapters/intro.tex	11
3	217.81	535.86	chapters/intro.tex	11
3	410.60	535.86	chapters/intro.tex	11
3	251.44	547.81	chapters/intro.tex	11
3	439.49	547.81	chapters/intro.tex	12
3	264.54	559.77	chapters/intro.tex	12
3	441.43	559.77	chapters/intro.tex	12
3	291.94	571.72	chapters/intro.tex	12
3	124.05	583.68	chapters/intro.tex	12
3	314.02	583.68	chapters/intro.tex	12
3	119.20	595.63	chapters/intro.tex	12
3	252.35	608.99	chapters/intro.tex	14
3	437.43	608.99	chapters/intro.tex	14
3	272.57	620.95	chapters/intro.tex	14
3	123.22	632.90	chapters/intro.tex	14
3	302.15	632.90	chapters/intro.tex	14
3	127.55	644.86	chapters/intro.tex	14
3	316.73	644.86	chapters/intro.tex	15
3	148.05	656.81	chapters/intro.tex	15
3	326.03	656.81	chapters/intro.tex	15
3	158.31	668.77	chapters/intro.tex	15
3	358.56	668.77	chapters/intro.tex	15
4	163.16	102.82	chapters/intro.tex	38
4	233.44	130.79	chapters/intro.tex	15
4	281.20	165.29	chapters/intro.tex	17
4	337.97	189.48	chapters/intro.tex	19
4	171.46	201.43	chapters/intro.tex	19
4	323.54	201.43	chapters/intro.tex	19
4	493.82	201.43	chapters/intro.tex	19
4	308.72	213.39	chapters/intro.tex	19
4	493.58	213.39	chapters/intro.tex	19
4	313.52	225.34	chapters/intro.tex	20
4	489.41	225.34	chapters/intro.tex	20
4	311.96	237.30	chapters/intro.tex	20
4	477.97	237.30	chapters/intro.tex	20
4	299.52	249.25	chapters/intro.tex	20
4	489.41	249.25	chapters/intro.tex	20
4	222.75	273.71	chapters/intro.tex	22
4	390.36	273.71	chapters/intro.tex	22
4	220.16	285.66	chapters/intro.tex	22
4	397.29	285.66	chapters/intro.tex	22
4	196.00	297.62	chapters/intro.tex	22
4	377.98	297.62	chapters/intro.tex	22
4	194.97	309.57	chapters/intro.tex	22
4	361.49	309.57	chapters/intro.tex	22
4	208.43	321.53	chapters/intro.tex	23
4	401.05	321.53	chapters/intro.tex	23
4	235.65	333.48	chapters/intro.tex	23
4	424.25	333.48	chapters/intro.tex	23
4	245.97	345.44	chapters/intro.tex	23
4	426.67	345.44	chapters/intro.tex	23
4	305.21	357.94	chapters/intro.tex	25
4	468.99	357.94	chapters/intro.tex	25
4	293.61	369.89	chapters/intro.tex	25
4	495.79	369.89	chapters/intro.tex	25
4	308.59	381.85	chapters/intro.tex	25
4	492.16	381.85	chapters/intro.tex	25
4	342.27	393.80	chapters/intro.tex	25
4	172.74	405.76	chapters/intro.tex	26
4	361.85	405.76	chapters/intro.tex	26
4	202.16	417.71	chapters/intro.tex	26
4	398.25	417.71	chapters/intro.tex	26
4	187.00	429.67	chapters/intro.tex	26
4	330.81	429.67	chapters/intro.tex	26
4	301.67	442.16	chapters/intro.tex	28
4	468.57	442.16	chapters/intro.tex	28
4	271.13	454.12	chapters/intro.tex	28
4	474.38	454.12	chapters/intro.tex	28
4	298.68	466.08	chapters/intro.tex	28
4	468.80	466.08	chapters/intro.tex	28
4	291.27	478.03	chapters/intro.tex	28
4	495.23	478.03	chapters/intro.tex	29
4	322.85	489.99	chapters/intro.tex	29
4	495.24	489.99	chapters/intro.tex	29
4	351.13	501.94	chapters/intro.tex	29
4	171.73	513.90	chapters/intro.tex	29
4	337.48	513.90	chapters/intro.tex	29
4	173.81	525.85	chapters/intro.tex	29
4	281.20	560.36	chapters/intro.tex	31
4	321.85	584.54	chapters/intro.tex	33
4	173.14	596.50	chapters/intro.tex	33
4	347.44	596.50	chapters/intro.tex	33
4	172.74	608.45	chapters/intro.tex	33
4	346.86	608.45	chapters/intro.tex	34
4	493.56	608.45	chapters/intro.tex	34
4	327.16	620.41	chapters/intro.tex	34
4	177.14	632.36	chapters/intro.tex	34
4	356.35	632.36	chapters/intro.tex	34
4	497.46	632.36	chapters/intro.tex	34
4	213.91	656.81	chapters/intro.tex	36
4	387.41	656.81	chapters/intro.tex	36
4	251.01	668.77	chapters/intro.tex	36
4	421.09	668.77	chapters/intro.tex	36
5	114.62	102.82	main.tex	4
5	118.08	130.79	chapters/intro.tex	36
5	308.51	130.79	chapters/intro.tex	36
5	125.16	142.74	chapters/intro.tex	36
5	303.69	142.74	chapters/intro.tex	37
5	147.40	154.70	chapters/intro.tex	37
5	344.02	154.70	chapters/intro.tex	37
5	162.22	166.65	chapters/intro.tex	37
5	344.50	166.65	chapters/intro.tex	37
5	173.95	178.61	chapters/intro.tex	37
5	312.02	178.61	chapters/intro.tex	37
5	238.01	190.56	chapters/intro.tex	39
5	444.49	190.56	chapters/intro.tex	39
5	254.40	202.52	chapters/intro.tex	39
5	414.78	202.52	chapters/intro.tex	39
5	236.15	214.47	chapters/intro.tex	39
5	440.03	214.47	chapters/intro.tex	39
5	288.45	226.43	chapters/intro.tex	39
5	150.93	238.38	chapters/intro.tex	40
5	319.89	238.38	chapters/intro.tex	40
5	114.65	250.34	chapters/intro.tex	40
5	279.55	250.34	chapters/intro.tex	40
5	435.61	250.34	chapters/intro.tex	40
5	271.25	262.29	chapters/intro.tex	40
5	272.29	274.25	chapters/intro.tex	42
5	419.04	274.25	chapters/intro.tex	42
5	220.17	286.20	chapters/intro.tex	42
5	363.45	286.20	chapters/intro.tex	42
5	163.72	298.16	chapters/intro.tex	42
5	328.14	298.16	chapters/intro.tex	42
5	176.25	310.11	chapters/intro.tex	42
5	366.88	310.11	chapters/intro.tex	43
5	225.73	322.07	chapters/intro.tex	43
5	377.22	322.07	chapters/intro.tex	43
5	206.32	334.02	chapters/intro.tex	43
5	378.09	334.02	chapters/intro.tex	43
5	209.56	345.98	chapters/intro.tex	43
6	163.16	102.82	chapters/methods.tex	1
7	148.41	203.64	chapters/methods.tex	1
7	198.52	315.98	chapters/methods.tex	3
7	264.62	341.77	chapters/methods.tex	5
7	434.23	341.77	chapters/methods.tex	5
7	277.47	353.72	chapters/methods.tex	5
7	444.75	353.72	chapters/methods.tex	5
7	263.99	365.68	chapters/methods.tex	5
7	438.10	365.68	chapters/methods.tex	5
7	276.11	377.63	chapters/methods.tex	6
7	120.72	389.59	chapters/methods.tex	6
7	313.38	389.59	chapters/methods.tex	6
7	144.82	401.54	chapters/methods.tex	6
7	334.60	401.54	chapters/methods.tex	6
7	176.30	413.50	chapters/methods.tex	6
7	351.51	413.50	chapters/methods.tex	6
7	247.29	426.86	chapters/methods.tex	8
7	414.43	426.86	chapters/methods.tex	8
7	220.38	438.81	chapters/methods.tex	8
7	405.43	438.81	chapters/methods.tex	8
7	237.42	450.77	chapters/methods.tex	8
7	401.38	450.77	chapters/methods.tex	8
7	234.76	462.72	chapters/methods.tex	9
7	391.81	462.72	chapters/methods.tex	9
7	228.88	474.68	chapters/methods.tex	9
7	407.36	474.68	chapters/methods.tex	9
7	261.90	486.63	chapters/methods.tex	9
7	443.66	486.63	chapters/methods.tex	9
7	282.44	498.59	chapters/methods.tex	9
7	250.88	511.95	chapters/methods.tex	11
7	435.61	511.95	chapters/methods.tex	11
7	268.90	523.90	chapters/methods.tex	11
7	432.72	523.90	chapters/methods.tex	11
7	278.07	535.86	chapters/methods.tex	11
7	114.65	547.81	chapters/methods.tex	11
7	304.46	547.81	chapters/methods.tex	11
7	117.66	559.77	chapters/methods.tex	12
7	289.97	559.77	chapters/methods.tex	12
7	117.40	571.72	chapters/methods.tex	12
7	304.68	571.72	chapters/methods.tex	12
7	126.00	583.68	chapters/methods.tex	13
7	295.65	597.04	chapters/methods.tex	14
7	120.80	608.99	chapters/methods.tex	14
7	279.51	608.99	chapters/methods.tex	14
7	116.56	620.95	chapters/methods.tex	14
7	306.15	620.95	chapters/methods.tex	14
7	120.01	632.90	chapters/methods.tex	15
7	280.97	632.90	chapters/methods.tex	15
7	123.95	644.86	chapters/methods.tex	15
7	316.91	644.86	chapters/methods.tex	15
7	113.24	656.81	chapters/methods.tex	15
7	302.59	656.81	chapters/methods.tex	15
7	278.72	693.97	chapters/methods.tex	21
8	163.16	102.82	chapters/methods.tex	38
8	236.39	129.53	chapters/methods.tex	17
8	285.82	153.70	chapters/methods.tex	19
8	487.30	153.70	chapters/methods.tex	19
8	297.43	165.65	chapters/methods.tex	19
8	488.02	165.65	chapters/methods.tex	19
8	319.67	177.61	chapters/methods.tex	19
8	175.64	189.56	chapters/methods.tex	19
8	348.40	189.56	chapters/methods.tex	20
8	178.42	201.52	chapters/methods.tex	20
8	366.67	201.52	chapters/methods.tex	20
8	201.15	213.47	chapters/methods.tex	20
8	382.40	213.47	chapters/methods.tex	20
8	191.75	225.43	chapters/methods.tex	20
8	267.81	237.92	chapters/methods.tex	22
8	436.23	237.92	chapters/methods.tex	22
8	250.85	249.87	chapters/methods.tex	22
8	426.70	249.87	chapters/methods.tex	22
8	266.71	261.83	chapters/methods.tex	22
8	453.35	261.83	chapters/methods.tex	22
8	291.63	273.78	chapters/methods.tex	23
8	464.08	273.78	chapters/methods.tex	23
8	291.04	285.74	chapters/methods.tex	23
8	463.22	285.74	chapters/methods.tex	23
8	293.74	297.69	chapters/methods.tex	23
8	460.51	297.69	chapters/methods.tex	23
8	190.44	322.14	chapters/methods.tex	25
8	377.22	322.14	chapters/methods.tex	25
8	194.13	334.09	chapters/methods.tex	25
8	363.17	334.09	chapters/methods.tex	25
8	207.03	346.05	chapters/methods.tex	25
8	395.32	346.05	chapters/methods.tex	25
8	196.69	358.00	chapters/methods.tex	25
8	375.24	358.00	chapters/methods.tex	25
8	208.95	369.96	chapters/methods.tex	26
8	399.49	369.96	chapters/methods.tex	26
8	245.97	381.92	chapters/methods.tex	26
8	451.98	381.92	chapters/methods.tex	26
8	296.48	393.87	chapters/methods.tex	26
8	466.49	393.87	chapters/methods.tex	26
8	269.76	418.32	chapters/methods.tex	28
8	469.33	418.32	chapters/methods.tex	28
8	293.96	430.27	chapters/methods.tex	28
8	444.33	430.27	chapters/methods.tex	28
8	253.65	442.23	chapters/methods.tex	28
8	419.15	442.23	chapters/methods.tex	28
8	233.29	454.18	chapters/methods.tex	29
8	394.35	454.18	chapters/methods.tex	29
8	236.70	466.14	chapters/methods.tex	29
8	402.25	466.14	chapters/methods.tex	29
8	224.46	478.09	chapters/methods.tex	29
8	393.70	478.09	chapters/methods.tex	29
8	230.07	490.05	chapters/methods.tex	29
8	180.30	548.68	chapters/methods.tex	33
8	374.03	548.68	chapters/methods.tex	33
8	225.96	560.64	chapters/methods.tex	33
8	395.54	560.64	chapters/methods.tex	33
8	228.15	572.59	chapters/methods.tex	33
8	398.55	572.59	chapters/methods.tex	33
8	217.15	584.55	chapters/methods.tex	33
8	426.24	584.55	chapters/methods.tex	34
8	281.76	596.50	chapters/methods.tex	34
8	486.09	596.50	chapters/methods.tex	34
8	304.68	608.46	chapters/methods.tex	34
8	450.29	608.46	chapters/methods.tex	34
8	309.57	620.41	chapters/methods.tex	34
8	473.16	620.41	chapters/methods.tex	34
8	223.98	644.86	chapters/methods.tex	36
8	413.05	644.86	chapters/methods.tex	36
8	221.32	656.81	chapters/methods.tex	36
8	411.06	656.81	chapters/methods.tex	36
8	217.56	668.77	chapters/methods.tex	36
8	377.19	668.77	chapters/methods.tex	36
9	114.62	102.82	main.tex	5
9	123.95	130.79	chapters/methods.tex	36
9	306.00	130.79	chapters/methods.tex	36
9	153.07	142.74	chapters/methods.tex	37
9	332.87	142.74	chapters/methods.tex	37
9	152.19	154.70	chapters/methods.tex	37
9	351.24	154.70	chapters/methods.tex	37
9	181.87	166.65	chapters/methods.tex	37
9	380.51	166.65	chapters/methods.tex	37
9	183.63	190.56	chapters/methods.tex	39
9	368.99	190.56	chapters/methods.tex	39
9	194.71	202.52	chapters/methods.tex	39
9	382.99	202.52	chapters/methods.tex	39
9	245.04	214.47	chapters/methods.tex	39
9	399.19	214.47	chapters/methods.tex	39
9	256.56	226.43	chapters/methods.tex	40
9	435.61	226.43	chapters/methods.tex	40
9	273.00	238.38	chapters/methods.tex	40
9	117.43	250.34	chapters/methods.tex	40
9	312.74	250.34	chapters/methods.tex	40
9	155.16	262.29	chapters/methods.tex	40
9	262.16	274.25	chapters/methods.tex	42
9	413.97	274.25	chapters/methods.tex	42
9	261.49	286.20	chapters/methods.tex	42
9	441.56	286.20	chapters/methods.tex	42
9	248.36	298.16	chapters/methods.tex	42
9	414.53	298.16	chapters/methods.tex	42
9	225.53	310.11	chapters/methods.tex	42
9	419.78	310.11	chapters/methods.tex	43
9	220.88	322.07	chapters/methods.tex	43
9	403.73	322.07	chapters/methods.tex	43
9	237.85	334.02	chapters/methods.tex	43
9	393.74	334.02	chapters/methods.tex	43
9	251.63	345.98	chapters/methods.tex	43
9	121.40	357.94	chapters/methods.tex	44
10	165.65	102.82	chapters/results.tex	1
11	148.41	203.64	chapters/results.tex	1
11	198.52	315.98	chapters/results.tex	3
11	246.61	341.77	chapters/results.tex	5
11	436.05	341.77	chapters/results.tex	5
11	264.34	353.72	chapters/results.tex	5
11	118.94	365.68	chapters/results.tex	5
11	290.84	365.68	chapters/results.tex	5
11	115.48	377.63	chapters/results.tex	6
11	302.58	377.63	chapters/results.tex	6
11	440.03	377.63	chapters/results.tex	6
11	262.29	389.59	chapters/results.tex	6
11	413.82	389.59	chapters/results.tex	6
11	140.65	414.90	chapters/results.tex	8
11	287.03	414.90	chapters/results.tex	8
11	440.03	414.90	chapters/results.tex	8
11	246.26	426.86	chapters/results.tex	8
11	438.11	426.86	chapters/results.tex	8
11	284.92	438.81	chapters/results.tex	8
11	125.16	450.77	chapters/results.tex	9
11	310.61	450.77	chapters/results.tex	9
11	144.75	462.72	chapters/results.tex	9
11	313.84	462.72	chapters/results.tex	9
11	121.84	474.68	chapters/results.tex	9
11	323.15	474.68	chapters/results.tex	9
11	140.65	499.99	chapters/results.tex	11
11	303.16	499.99	chapters/results.tex	11
11	145.45	511.95	chapters/results.tex	11
11	333.78	511.95	chapters/results.tex	11
11	165.65	523.90	chapters/results.tex	11
11	324.73	523.90	chapters/results.tex	11
11	174.25	535.86	chapters/results.tex	11
11	361.75	535.86	chapters/results.tex	12
11	167.65	547.81	chapters/results.tex	12
11	348.66	547.81	chapters/results.tex	12
11	188.11	559.77	chapters/results.tex	12
11	378.57	559.77	chapters/results.tex	12
11	218.30	571.72	chapters/results.tex	12
11	387.57	571.72	chapters/results.tex	12
11	276.06	585.08	chapters/results.tex	14
11	440.32	585.08	chapters/results.tex	14
11	258.66	597.04	chapters/results.tex	14
11	413.12	597.04	chapters/results.tex	14
11	238.38	608.99	chapters/results.tex	14
11	437.43	608.99	chapters/results.tex	14
11	303.73	620.95	chapters/results.tex	14
11	117.43	632.90	chapters/results.tex	15
11	302.08	632.90	chapters/results.tex	15
11	148.23	644.86	chapters/results.tex	15
11	325.40	644.86	chapters/results.tex	15
11	141.06	656.81	chapters/results.tex	15
11	332.88	656.81	chapters/results.tex	15
11	180.39	668.77	chapters/results.tex	15
12	165.65	102.82	chapters/results.tex	38
12	236.39	129.53	chapters/results.tex	17
12	264.99	153.70	chapters/results.tex	19
12	402.86	153.70	chapters/results.tex	19
12	226.92	165.65	chapters/results.tex	19
12	391.67	165.65	chapters/results.tex	19
12	203.47	177.61	chapters/results.tex	19
12	367.94	177.61	chapters/results.tex	19
12	205.01	189.56	chapters/results.tex	19
12	398.48	189.56	chapters/results.tex	20
12	239.33	201.52	chapters/results.tex	20
12	425.24	201.52	chapters/results.tex	20
12	265.92	213.47	chapters/results.tex	20
12	445.23	213.47	chapters/results.tex	20
12	267.93	225.43	chapters/results.tex	20
12	288.24	237.92	chapters/results.tex	22
12	454.58	237.92	chapters/results.tex	22
12	288.90	249.87	chapters/results.tex	22
12	451.18	249.87	chapters/results.tex	22
12	270.71	261.83	chapters/results.tex	22
12	460.26	261.83	chapters/results.tex	22
12	267.14	273.78	chapters/results.tex	22
12	426.38	273.78	chapters/results.tex	23
12	285.77	285.74	chapters/results.tex	23
12	489.41	285.74	chapters/results.tex	23
12	310.62	297.69	chapters/results.tex	23
12	489.41	297.69	chapters/results.tex	23
12	345.53	309.65	chapters/results.tex	23
12	320.27	322.14	chapters/results.tex	25
12	491.52	322.14	chapters/results.tex	25
12	323.93	334.09	chapters/results.tex	25
12	493.37	334.09	chapters/results.tex	25
12	326.26	346.05	chapters/results.tex	25
12	171.49	358.00	chapters/results.tex	26
12	354.91	358.00	chapters/results.tex	26
12	171.46	369.96	chapters/results.tex	26
12	360.65	369.96	chapters/results.tex	26
12	172.86	381.92	chapters/results.tex	26
12	344.88	381.92	chapters/results.tex	26
12	172.87	393.87	chapters/results.tex	27
12	331.34	406.36	chapters/results.tex	28
12	493.58	406.36	chapters/results.tex	28
12	316.32	418.32	chapters/results.tex	28
12	178.42	430.27	chapters/results.tex	28
12	374.02	430.27	chapters/results.tex	28
12	194.21	442.23	chapters/results.tex	28
12	367.87	442.23	chapters/results.tex	28
12	200.33	454.18	chapters/results.tex	29
12	372.47	454.18	chapters/results.tex	29
12	197.64	466.14	chapters/results.tex	29
12	394.06	466.14	chapters/results.tex	29
12	213.22	478.09	chapters/results.tex	29
12	396.14	478.09	chapters/results.tex	29
12	170.03	536.73	chapters/results.tex	33
12	319.03	536.73	chapters/results.tex	33
12	486.12	536.73	chapters/results.tex	33
12	355.92	548.68	chapters/results.tex	33
12	201.52	560.64	chapters/results.tex	33
12	404.23	560.64	chapters/results.tex	33
12	210.53	572.59	chapters/results.tex	33
12	373.55	572.59	chapters/results.tex	34
12	190.58	584.55	chapters/results.tex	34
12	341.01	584.55	chapters/results.tex	34
12	172.74	596.50	chapters/results.tex	34
12	328.92	596.50	chapters/results.tex	34
12	172.89	608.46	chapters/results.tex	34
12	340.19	608.46	chapters/results.tex	34
12	189.50	620.95	chapters/results.tex	36
12	367.33	620.95	chapters/results.tex	36
12	187.62	632.90	chapters/results.tex	36
12	353.44	632.90	chapters/results.tex	36
12	169.82	644.86	chapters/results.tex	36
12	357.31	644.86	chapters/results.tex	36
12	169.82	656.81	chapters/results.tex	36
12	346.00	656.81	chapters/results.tex	37
12	168.72	668.77	chapters/results.tex	37
12	328.42	668.77	chapters/results.tex	37
12	493.99	668.77	chapters/results.tex	37
13	114.62	102.82	main.tex	6
13	121.84	130.79	chapters/results.tex	37
13	281.11	130.79	chapters/results.tex	37
13	436.73	130.79	chapters/results.tex	37
13	251.33	154.70	chapters/results.tex	39
13	406.24	154.70	chapters/results.tex	39
13	240.08	166.65	chapters/results.tex	39
13	409.88	166.65	chapters/results.tex	39
13	237.54	178.61	chapters/results.tex	39
13	415.37	178.61	chapters/results.tex	39
13	247.73	190.56	chapters/results.tex	39
13	382.36	190.56	chapters/results.tex	40
13	205.54	202.52	chapters/results.tex	40
13	390.45	202.52	chapters/results.tex	40
13	191.29	214.47	chapters/results.tex	40
13	366.56	214.47	chapters/results.tex	40
13	205.20	226.43	chapters/results.tex	40
13	132.21	238.38	chapters/results.tex	42
13	310.77	238.38	chapters/results.tex	42
13	124.05	250.34	chapters/results.tex	42
13	311.36	250.34	chapters/results.tex	42
13	151.51	262.29	chapters/results.tex	42
13	326.37	262.29	chapters/results.tex	42
13	193.78	274.25	chapters/results.tex	43
13	355.59	274.25	chapters/results.tex	43
13	199.55	286.20	chapters/results.tex	43
13	378.78	286.20	chapters/results.tex	43
13	205.17	298.16	chapters/results.tex	43
13	412.59	298.16	chapters/results.tex	43
13	220.45	310.11	chapters/results.tex	43
