chapters/intro.tex	5	3:358.82,3:346.86,3:370.78,3:382.73
chapters/intro.tex	6	3:394.69,3:382.73,3:418.60,3:404.81
chapters/intro.tex	8	3:431.96,3:443.90,3:455.87,3:467.82
chapters/intro.tex	9	3:479.77,3:467.82,3:503.68,3:491.73
chapters/intro.tex	11	3:517.05,3:529.00,3:540.95,3:552.90
chapters/intro.tex	12	3:564.86,3:552.90,3:600.61,3:588.78,3:576.82
chapters/intro.tex	14	3:614.09,3:626.05,3:638.00,3:649.96
chapters/intro.tex	15	3:661.92,3:673.86,3:649.96,4:135.88
chapters/intro.tex	19	4:206.53,4:194.57,4:218.37,4:230.44
chapters/intro.tex	20	4:242.40,4:230.44,4:254.35,4:264.37
chapters/intro.tex	22	4:290.76,4:278.69,4:302.72,4:314.67
chapters/intro.tex	23	4:350.54,4:326.63,4:314.67,4:338.58
chapters/intro.tex	25	4:363.04,4:374.98,4:386.95,4:398.78
chapters/intro.tex	26	4:422.81,4:410.85,4:398.78,4:432.82
chapters/intro.tex	28	4:447.27,4:459.10,4:471.18,4:483.13
chapters/intro.tex	29	4:495.09,4:483.13,4:529.01,4:519.00,4:506.92
chapters/intro.tex	33	4:601.60,4:589.64,4:613.55
chapters/intro.tex	34	4:637.34,4:625.51,4:613.55,4:649.30
chapters/intro.tex	36	4:661.92,4:673.87,5:135.89,5:147.83
chapters/intro.tex	37	5:171.75,5:159.80,5:147.83,5:181.77
chapters/intro.tex	39	5:207.62,5:195.66,5:219.57,5:231.52
chapters/intro.tex	40	5:255.44,5:243.48,5:231.52,5:267.38
chapters/intro.tex	42	5:291.31,5:279.34,5:303.26,5:315.22
chapters/intro.tex	43	5:327.17,5:315.22,5:351.08,5:339.12
chapters/methods.tex	5	7:370.78,7:346.87,7:358.70,7:382.73
chapters/methods.tex	6	7:394.69,7:382.73,7:418.59,7:406.52
chapters/methods.tex	8	7:431.96,7:443.90,7:455.87
chapters/methods.tex	9	7:467.82,7:479.78,7:491.73,7:503.69
chapters/methods.tex	11	7:517.05,7:529.00,7:540.96,7:552.90
chapters/methods.tex	12	7:564.87,7:552.90,7:576.82
chapters/methods.tex	14	7:602.14,7:614.09,7:626.04
chapters/methods.tex	15	7:638.00,7:626.04,7:661.91,7:649.95
chapters/methods.tex	19	8:170.75,8:158.79,8:182.71,8:194.66
chapters/methods.tex	20	8:218.57,8:206.62,8:194.66,8:230.41
chapters/methods.tex	22	8:243.02,8:254.97,8:266.92,8:278.87
chapters/methods.tex	23	8:302.79,8:290.83,8:278.87,8:312.81
chapters/methods.tex	25	8:339.20,8:327.23,8:351.15,8:363.11
chapters/methods.tex	26	8:398.85,8:375.06,8:363.11,8:387.02
chapters/methods.tex	28	8:435.36,8:423.42,8:447.33,8:459.28
chapters/methods.tex	29	8:471.24,8:459.28,8:483.19,8:495.14
chapters/methods.tex	33	8:565.74,8:553.78,8:577.69,8:589.65
chapters/methods.tex	34	8:613.56,8:601.60,8:625.39,8:589.65,8:637.47
chapters/methods.tex	36	8:673.87,8:649.96,8:660.08,9:135.89
chapters/methods.tex	37	9:147.83,9:135.89,9:171.75,9:159.79
chapters/methods.tex	39	9:195.66,9:207.62,9:219.57,9:231.52
chapters/methods.tex	40	9:243.48,9:231.52,9:255.44,9:267.38
chapters/methods.tex	42	9:279.35,9:291.31,9:303.14,9:315.10
chapters/methods.tex	43	9:327.17,9:315.10,9:351.08,9:339.13
chapters/results.tex	5	11:346.87,11:358.82,11:370.78
chapters/results.tex	6	11:382.73,11:370.78,11:406.52,11:394.69
chapters/results.tex	8	11:419.99,11:431.96,11:443.91
chapters/results.tex	9	11:467.82,11:455.87,11:443.91,11:479.77,11:491.72
chapters/results.tex	11	11:505.08,11:517.05,11:529.00,11:540.96
chapters/results.tex	12	11:552.91,11:540.96,11:576.70,11:564.87
chapters/results.tex	14	11:602.14,11:590.17,11:614.09,11:626.05
chapters/results.tex	15	11:649.96,11:638.00,11:661.92,11:626.05,11:673.87
chapters/results.tex	19	12:158.79,12:170.75,12:182.71,12:194.66
chapters/results.tex	20	12:218.57,12:206.62,12:194.66,12:230.53
chapters/results.tex	22	12:243.01,12:254.97,12:266.93,12:278.88
chapters/results.tex	23	12:302.79,12:290.83,12:278.88,12:314.75
chapters/results.tex	25	12:327.24,12:339.20,12:351.15
chapters/results.tex	26	12:362.99,12:351.15,12:387.02,12:375.05
chapters/results.tex	28	12:411.46,12:423.42,12:435.25,12:447.33
chapters/results.tex	29	12:459.28,12:447.33,12:483.19,12:471.24
chapters/results.tex	33	12:541.82,12:553.77,12:565.74,12:577.69
chapters/results.tex	34	12:589.65,12:577.69,12:613.56,12:601.60
chapters/results.tex	36	12:638.01,12:625.93,12:649.96,12:661.92
chapters/results.tex	37	12:673.87,12:661.92,13:135.89
chapters/results.tex	39	13:159.80,13:171.75,13:183.71,13:195.54
chapters/results.tex	40	13:219.45,13:207.50,13:195.54,13:231.53
chapters/results.tex	42	13:243.48,13:255.44,13:267.39,13:279.34
chapters/results.tex	43	13:291.31,13:279.34,13:303.26,13:315.22
